student,academic_value_reference,academic_value_reproduced,cognitive_value_reference,cognitive_value_reproduced,academic_performance_reconstructed,academic_performance_paper,personality_development_paper,overall_fuzzy_reference,overall_reconstructed
1,0.854,0.9102609970674487,0.882,0.9312544068604097,0.861111013816739,0.875,0.891,3.77,4.3405449936628635
2,0.835,0.8990504605526632,0.652,0.7818650306748466,0.8088397364933172,0.798,0.885,3.58,4.253747913188648
3,0.9,0.9461044776119402,0.896,0.9428371040723982,0.9099195886255759,0.9,0.9,3.88,4.3679341317365274
4,0.775,0.8499999999999999,0.783,0.8584525139664806,0.7289702257405238,0.788,0.9,3.59,4.266148839841538
5,0.849,0.9072125380049225,0.894,0.9409826839826838,0.881906203974707,0.891,0.894,3.83,4.358235294117646
6,0.686,0.797720087925765,0.786,0.8634292321924145,0.7536789769783742,0.795,0.885,3.58,4.25748322147651
7,0.754,0.835940487061405,0.78,0.8565121951219512,0.7233872437207086,0.782,0.794,2.98,3.4999999999999987
8,0.623,0.7742164264470373,0.645,0.7827249575551781,0.7000000000000001,0.63,0.891,2.99,4.288093987157034
9,0.869,0.9209269102990034,0.873,0.9235145228215768,0.8556188947461918,0.866,0.9,3.78,4.330358255451713
10,0.652,0.7818650306748466,0.714,0.8126929133858267,0.7,0.666,0.9,3.0,4.3303582554517135
11,0.644,0.779025571680751,0.722,0.8220196078431372,0.7000000000000001,0.677,0.85,2.92,4.311860254083485
12,0.768,0.8449564353276195,0.651,0.786030303030303,0.7000000000000001,0.743,0.873,3.36,4.32001225490196
13,0.854,0.9103971089816469,0.882,0.9312544068604097,0.8612076476847569,0.875,0.782,3.71,4.273519153802173
14,0.826,0.8944148755656107,0.879,0.9288292682926829,0.8530463243831138,0.872,0.827,3.69,4.284471544715447
15,0.697,0.8033905154974588,0.739,0.8279492273730682,0.7000000000000001,0.703,0.782,2.76,3.4999999999999996
16,0.697,0.8033905154974588,0.794,0.8708093086308177,0.7689412842652786,0.813,0.9,3.66,4.267380952380951
17,0.775,0.8499999999999999,0.775,0.85,0.6999999999999998,0.771,0.879,3.52,4.2868881118881115
18,0.805,0.8822691575091575,0.849,0.9076335679881439,0.8276790357664044,0.846,0.9,3.72,4.307162162162163
19,0.783,0.8603621068032187,0.807,0.881234496124031,0.7811008633864183,0.828,0.9,3.68,4.285680628272251
20,0.679,0.794449738190472,0.711,0.8123968253968251,0.7000000000000001,0.663,0.9,3.0,4.326926889714993
