student,academic_performance,personality_development,overall_conventional,overall_fuzzy_reference
1,0.875,0.891,3.53,3.77
2,0.798,0.885,3.40,3.58
3,0.900,0.900,3.71,3.88
4,0.788,0.900,2.93,3.59
5,0.891,0.894,3.57,3.83
6,0.795,0.885,2.73,3.58
7,0.782,0.794,2.96,2.98
8,0.630,0.891,2.43,2.99
9,0.866,0.900,3.52,3.78
10,0.666,0.900,2.57,3.00
11,0.677,0.850,2.44,2.92
12,0.743,0.873,2.79,3.36
13,0.875,0.782,3.47,3.71
14,0.872,0.827,3.37,3.69
15,0.703,0.782,2.82,2.76
16,0.813,0.900,2.75,3.66
17,0.771,0.879,2.97,3.52
18,0.846,0.900,3.23,3.72
19,0.828,0.900,3.06,3.68
20,0.663,0.900,2.77,3.00
